file,line_number,encoded_length,tagged_length,encoded_line,tagged_line
AskAboutStudyHour.csv,184,14,15,នៅ វិទ្យាល័យ/I-ORG សុីអេដីឌី/I-ORG ការ សិក្សា របស់ សិស្សានុសិស្ស នៅ ទី នោះ រៀន ថេរ វេលា ប៉ុន្មាន,នៅ/verb វិទ្យាល័យ/noun សុីអេដីឌី/noun ពេល/noun វេលា/noun សិក្សា/verb របស់/adp សិស្ស/noun នៅ/adp ទី/noun នោះ/det រៀនរយះ/verb ពេល/noun ប៉ុន្មាន/adv ម៉ោង/noun
AskAboutStudyHour.csv,200,15,14,នៅ សាលារៀន/B-ORG សុីអេដីឌី/I-ORG ពេល វេលា សិក្សា របស់ សិស្សានុសិស្ស នៅ ទី នោះ រៀន ថេរ វេលា ប៉ុន្មាន,នៅ/verb សាលារៀន/verb សុីអេដីឌី/noun ម៉ោង/noun រៀន/verb របស់/adp សិស្ស/noun នៅ/adp ទី/noun នោះ/det រៀនរយះ/verb ពេល/noun ប៉ុន្មាន/adv ម៉ោង/noun
AskAboutStudyHour.csv,208,14,15,នៅ សាលារៀន/B-ORG សុីអេដីឌី/I-ORG ការ សិក្សា របស់ សិស្សានុសិស្ស នៅ ទី នោះ រៀន ថេរ វេលា ប៉ុន្មាន,នៅ/verb សាលារៀន/verb សុីអេដីឌី/noun ពេល/noun វេលា/noun សិក្សា/verb របស់/adp សិស្ស/noun នៅ/adp ទី/noun នោះ/det រៀនរយះ/verb ពេល/noun ប៉ុន្មាន/adv ម៉ោង/noun
AskAboutStudyHour.csv,216,15,14,នៅ សាកល/B-ORG វិទ្យាល័យ/I-ORG CADT/I-ORG ម៉ោង រៀន របស់ សិស្សានុសិស្ស នៅ ទី នោះ រៀន ថេរ វេលា ប៉ុន្មាន,នៅ/verb សាលារៀន/verb សុីអេដីឌី/noun ការ/noun សិក្សា/verb របស់/adp សិស្ស/noun នៅ/adp ទី/noun នោះ/det រៀនរយះ/verb ពេល/noun ប៉ុន្មាន/adv ម៉ោង/noun
AskAboutStudyHour.csv,224,16,15,នៅ សាកល/B-ORG វិទ្យាល័យ/I-ORG CADT/I-ORG ពេល វេលា សិក្សា របស់ សិស្សានុសិស្ស នៅ ទី នោះ រៀន ថេរ វេលា ប៉ុន្មាន,នៅ/adp សាកល/adj វិទ្យាល័យ/noun CADT/noun ម៉ោង/noun រៀន/verb របស់/adp សិស្ស/noun នៅ/adp ទី/noun នោះ/det រៀនរយះ/verb ពេល/noun ប៉ុន្មាន/adv ម៉ោង/noun
AskAboutStudyHour.csv,232,15,16,នៅ សាកល/B-ORG វិទ្យាល័យ/I-ORG CADT/I-ORG ការ សិក្សា របស់ សិស្សានុសិស្ស នៅ ទី នោះ រៀន ថេរ វេលា ប៉ុន្មាន,នៅ/adp សាកល/adj វិទ្យាល័យ/noun CADT/noun ពេល/noun វេលា/noun សិក្សា/verb របស់/adp សិស្ស/noun នៅ/adp ទី/noun នោះ/det រៀនរយះ/verb ពេល/noun ប៉ុន្មាន/adv ម៉ោង/noun
AskAboutStudyHour.csv,248,16,15,ក្នុង សាកល/B-ORG វិទ្យាល័យ/I-ORG សុីអេដីឌី/I-ORG ពេល វេលា សិក្សា របស់ សិស្សានុសិស្ស នៅ ទី នោះ រៀន ថេរ វេលា ប៉ុន្មាន,ក្នុង/adp សាកល/adj វិទ្យាល័យ/noun សុីអេដីឌី/noun ម៉ោង/noun រៀន/verb របស់/adp សិស្ស/noun នៅ/adp ទី/noun នោះ/det រៀនរយះ/verb ពេល/noun ប៉ុន្មាន/adv ម៉ោង/noun
AskAboutStudyHour.csv,256,15,16,ក្នុង សាកល/B-ORG វិទ្យាល័យ/I-ORG សុីអេដីឌី/I-ORG ការ សិក្សា របស់ សិស្សានុសិស្ស នៅ ទី នោះ រៀន ថេរ វេលា ប៉ុន្មាន,ក្នុង/adp សាកល/adj វិទ្យាល័យ/noun សុីអេដីឌី/noun ពេល/noun វេលា/noun សិក្សា/verb របស់/adp សិស្ស/noun នៅ/adp ទី/noun នោះ/det រៀនរយះ/verb ពេល/noun ប៉ុន្មាន/adv ម៉ោង/noun
AskAboutStudyHour.csv,264,14,15,ក្នុង វិទ្យាល័យ/B-ORG CADT/I-ORG ម៉ោង រៀន របស់ សិស្សានុសិស្ស នៅ ទី នោះ រៀន ថេរ វេលា ប៉ុន្មាន,ក្នុង/adp សាកល/adj វិទ្យាល័យ/noun សុីអេដីឌី/noun ការ/noun សិក្សា/verb របស់/adp សិស្ស/noun នៅ/adp ទី/noun នោះ/det រៀនរយះ/verb ពេល/noun ប៉ុន្មាន/adv ម៉ោង/noun
AskAboutStudyHour.csv,272,15,14,ក្នុង វិទ្យាល័យ/B-ORG CADT/I-ORG ពេល វេលា សិក្សា របស់ សិស្សានុសិស្ស នៅ ទី នោះ រៀន ថេរ វេលា ប៉ុន្មាន,ក្នុង/adp វិទ្យាល័យ/noun CADT/noun ម៉ោង/noun រៀន/verb របស់/adp សិស្ស/noun នៅ/adp ទី/noun នោះ/det រៀនរយះ/verb ពេល/noun ប៉ុន្មាន/adv ម៉ោង/noun
AskAboutStudyHour.csv,280,14,15,ក្នុង វិទ្យាល័យ/B-ORG CADT/I-ORG ការ សិក្សា របស់ សិស្សានុសិស្ស នៅ ទី នោះ រៀន ថេរ វេលា ប៉ុន្មាន,ក្នុង/adp វិទ្យាល័យ/noun CADT/noun ពេល/noun វេលា/noun សិក្សា/verb របស់/adp សិស្ស/noun នៅ/adp ទី/noun នោះ/det រៀនរយះ/verb ពេល/noun ប៉ុន្មាន/adv ម៉ោង/noun
AskAboutStudyHour.csv,296,15,14,ក្នុង វិទ្យាល័យ/I-ORG សុីអេដីឌី/I-ORG ពេល វេលា សិក្សា របស់ សិស្សានុសិស្ស នៅ ទី នោះ រៀន ថេរ វេលា ប៉ុន្មាន,ក្នុង/adp វិទ្យាល័យ/noun សុីអេដីឌី/noun ម៉ោង/noun រៀន/verb របស់/adp សិស្ស/noun នៅ/adp ទី/noun នោះ/det រៀនរយះ/verb ពេល/noun ប៉ុន្មាន/adv ម៉ោង/noun
AskAboutStudyHour.csv,304,14,15,ក្នុង វិទ្យាល័យ/I-ORG សុីអេដីឌី/I-ORG ការ សិក្សា របស់ សិស្សានុសិស្ស នៅ ទី នោះ រៀន ថេរ វេលា ប៉ុន្មាន,ក្នុង/adp វិទ្យាល័យ/noun សុីអេដីឌី/noun ពេល/noun វេលា/noun សិក្សា/verb របស់/adp សិស្ស/noun នៅ/adp ទី/noun នោះ/det រៀនរយះ/verb ពេល/noun ប៉ុន្មាន/adv ម៉ោង/noun
AskAboutStudyHour.csv,320,15,14,ក្នុង សាលារៀន/B-ORG សុីអេដីឌី/I-ORG ពេល វេលា សិក្សា របស់ សិស្សានុសិស្ស នៅ ទី នោះ រៀន ថេរ វេលា ប៉ុន្មាន,ក្នុង/adp សាលារៀន/verb សុីអេដីឌី/noun ម៉ោង/noun រៀន/verb របស់/adp សិស្ស/noun នៅ/adp ទី/noun នោះ/det រៀនរយះ/verb ពេល/noun ប៉ុន្មាន/adv ម៉ោង/noun
AskAboutStudyHour.csv,328,14,15,ក្នុង សាលារៀន/B-ORG សុីអេដីឌី/I-ORG ការ សិក្សា របស់ សិស្សានុសិស្ស នៅ ទី នោះ រៀន ថេរ វេលា ប៉ុន្មាន,ក្នុង/adp សាលារៀន/verb សុីអេដីឌី/noun ពេល/noun វេលា/noun សិក្សា/verb របស់/adp សិស្ស/noun នៅ/adp ទី/noun នោះ/det រៀនរយះ/verb ពេល/noun ប៉ុន្មាន/adv ម៉ោង/noun
AskAboutStudyHour.csv,336,15,14,ក្នុង សាកល/B-ORG វិទ្យាល័យ/I-ORG CADT/I-ORG ម៉ោង រៀន របស់ សិស្សានុសិស្ស នៅ ទី នោះ រៀន ថេរ វេលា ប៉ុន្មាន,ក្នុង/adp សាលារៀន/verb សុីអេដីឌី/noun ការ/noun សិក្សា/verb របស់/adp សិស្ស/noun នៅ/adp ទី/noun នោះ/det រៀនរយះ/verb ពេល/noun ប៉ុន្មាន/adv ម៉ោង/noun
AskAboutStudyHour.csv,344,16,15,ក្នុង សាកល/B-ORG វិទ្យាល័យ/I-ORG CADT/I-ORG ពេល វេលា សិក្សា របស់ សិស្សានុសិស្ស នៅ ទី នោះ រៀន ថេរ វេលា ប៉ុន្មាន,ក្នុង/adp សាកល/adj វិទ្យាល័យ/noun CADT/noun ម៉ោង/noun រៀន/verb របស់/adp សិស្ស/noun នៅ/adp ទី/noun នោះ/det រៀនរយះ/verb ពេល/noun ប៉ុន្មាន/adv ម៉ោង/noun
AskAboutStudyHour.csv,352,15,16,ក្នុង សាកល/B-ORG វិទ្យាល័យ/I-ORG CADT/I-ORG ការ សិក្សា របស់ សិស្សានុសិស្ស នៅ ទី នោះ រៀន ថេរ វេលា ប៉ុន្មាន,ក្នុង/adp សាកល/adj វិទ្យាល័យ/noun CADT/noun ពេល/noun វេលា/noun សិក្សា/verb របស់/adp សិស្ស/noun នៅ/adp ទី/noun នោះ/det រៀនរយះ/verb ពេល/noun ប៉ុន្មាន/adv ម៉ោង/noun
AskAboutStudyHour.csv,360,18,15,ខ្ញុំ ចង់ សួរ ថា សាកល/B-ORG វិទ្យាល័យ/I-ORG សុីអេដីឌី/I-ORG ម៉ោង រៀន របស់ សិស្សានុសិស្ស នៅ ទី នោះ រៀន ថេរ វេលា ប៉ុន្មាន,ក្នុង/adp សាកល/adj វិទ្យាល័យ/noun CADT/noun ការ/noun សិក្សា/verb របស់/adp សិស្ស/noun នៅ/adp ទី/noun នោះ/det រៀនរយះ/verb ពេល/noun ប៉ុន្មាន/adv ម៉ោង/noun
AskAboutStudyHour.csv,368,19,18,ខ្ញុំ ចង់ សួរ ថា សាកល/B-ORG វិទ្យាល័យ/I-ORG សុីអេដីឌី/I-ORG ពេល វេលា សិក្សា របស់ សិស្សានុសិស្ស នៅ ទី នោះ រៀន ថេរ វេលា ប៉ុន្មាន,ខ្ញុំ/pron ចង់/verb សួរ/verb ថា/conj សាកល/adj វិទ្យាល័យ/noun សុីអេដីឌី/noun ម៉ោង/noun រៀន/verb របស់/adp សិស្ស/noun នៅ/adp ទី/noun នោះ/det រៀនរយះ/verb ពេល/noun ប៉ុន្មាន/adv ម៉ោង/noun
AskAboutStudyHour.csv,376,18,19,ខ្ញុំ ចង់ សួរ ថា សាកល/B-ORG វិទ្យាល័យ/I-ORG សុីអេដីឌី/I-ORG ការ សិក្សា របស់ សិស្សានុសិស្ស នៅ ទី នោះ រៀន ថេរ វេលា ប៉ុន្មាន,ខ្ញុំ/pron ចង់/verb សួរ/verb ថា/conj សាកល/adj វិទ្យាល័យ/noun សុីអេដីឌី/noun ពេល/noun វេលា/noun សិក្សា/verb របស់/adp សិស្ស/noun នៅ/adp ទី/noun នោះ/det រៀនរយះ/verb ពេល/noun ប៉ុន្មាន/adv ម៉ោង/noun
AskAboutStudyHour.csv,384,17,18,ខ្ញុំ ចង់ សួរ ថា វិទ្យាល័យ/B-ORG CADT/I-ORG ម៉ោង រៀន របស់ សិស្សានុសិស្ស នៅ ទី នោះ រៀន ថេរ វេលា ប៉ុន្មាន,ខ្ញុំ/pron ចង់/verb សួរ/verb ថា/conj សាកល/adj វិទ្យាល័យ/noun សុីអេដីឌី/noun ការ/noun សិក្សា/verb របស់/adp សិស្ស/noun នៅ/adp ទី/noun នោះ/det រៀនរយះ/verb ពេល/noun ប៉ុន្មាន/adv ម៉ោង/noun
AskAboutStudyHour.csv,392,18,17,ខ្ញុំ ចង់ សួរ ថា វិទ្យាល័យ/B-ORG CADT/I-ORG ពេល វេលា សិក្សា របស់ សិស្សានុសិស្ស នៅ ទី នោះ រៀន ថេរ វេលា ប៉ុន្មាន,ខ្ញុំ/pron ចង់/verb សួរ/verb ថា/conj វិទ្យាល័យ/noun CADT/noun ម៉ោង/noun រៀន/verb របស់/adp សិស្ស/noun នៅ/adp ទី/noun នោះ/det រៀនរយះ/verb ពេល/noun ប៉ុន្មាន/adv ម៉ោង/noun
AskAboutStudyHour.csv,400,17,18,ខ្ញុំ ចង់ សួរ ថា វិទ្យាល័យ/B-ORG CADT/I-ORG ការ សិក្សា របស់ សិស្សានុសិស្ស នៅ ទី នោះ រៀន ថេរ វេលា ប៉ុន្មាន,ខ្ញុំ/pron ចង់/verb សួរ/verb ថា/conj វិទ្យាល័យ/noun CADT/noun ពេល/noun វេលា/noun សិក្សា/verb របស់/adp សិស្ស/noun នៅ/adp ទី/noun នោះ/det រៀនរយះ/verb ពេល/noun ប៉ុន្មាន/adv ម៉ោង/noun
AskAboutStudyHour.csv,416,18,17,ខ្ញុំ ចង់ សួរ ថា វិទ្យាល័យ/I-ORG សុីអេដីឌី/I-ORG ពេល វេលា សិក្សា របស់ សិស្សានុសិស្ស នៅ ទី នោះ រៀន ថេរ វេលា ប៉ុន្មាន,ខ្ញុំ/pron ចង់/verb សួរ/verb ថា/conj វិទ្យាល័យ/noun សុីអេដីឌី/noun ម៉ោង/noun រៀន/verb របស់/adp សិស្ស/noun នៅ/adp ទី/noun នោះ/det រៀនរយះ/verb ពេល/noun ប៉ុន្មាន/adv ម៉ោង/noun
AskAboutStudyHour.csv,424,17,18,ខ្ញុំ ចង់ សួរ ថា វិទ្យាល័យ/I-ORG សុីអេដីឌី/I-ORG ការ សិក្សា របស់ សិស្សានុសិស្ស នៅ ទី នោះ រៀន ថេរ វេលា ប៉ុន្មាន,ខ្ញុំ/pron ចង់/verb សួរ/verb ថា/conj វិទ្យាល័យ/noun សុីអេដីឌី/noun ពេល/noun វេលា/noun សិក្សា/verb របស់/adp សិស្ស/noun នៅ/adp ទី/noun នោះ/det រៀនរយះ/verb ពេល/noun ប៉ុន្មាន/adv ម៉ោង/noun
AskAboutStudyHour.csv,440,18,17,ខ្ញុំ ចង់ សួរ ថា សាលារៀន/B-ORG សុីអេដីឌី/I-ORG ពេល វេលា សិក្សា របស់ សិស្សានុសិស្ស នៅ ទី នោះ រៀន ថេរ វេលា ប៉ុន្មាន,ខ្ញុំ/pron ចង់/verb សួរ/verb ថា/conj សាលារៀន/verb សុីអេដីឌី/noun ម៉ោង/noun រៀន/verb របស់/adp សិស្ស/noun នៅ/adp ទី/noun នោះ/det រៀនរយះ/verb ពេល/noun ប៉ុន្មាន/adv ម៉ោង/noun
AskAboutStudyHour.csv,448,17,18,ខ្ញុំ ចង់ សួរ ថា សាលារៀន/B-ORG សុីអេដីឌី/I-ORG ការ សិក្សា របស់ សិស្សានុសិស្ស នៅ ទី នោះ រៀន ថេរ វេលា ប៉ុន្មាន,ខ្ញុំ/pron ចង់/verb សួរ/verb ថា/conj សាលារៀន/verb សុីអេដីឌី/noun ពេល/noun វេលា/noun សិក្សា/verb របស់/adp សិស្ស/noun នៅ/adp ទី/noun នោះ/det រៀនរយះ/verb ពេល/noun ប៉ុន្មាន/adv ម៉ោង/noun
AskAboutStudyHour.csv,456,18,17,ខ្ញុំ ចង់ សួរ ថា សាកល/B-ORG វិទ្យាល័យ/I-ORG CADT/I-ORG ម៉ោង រៀន របស់ សិស្សានុសិស្ស នៅ ទី នោះ រៀន ថេរ វេលា ប៉ុន្មាន,ខ្ញុំ/pron ចង់/verb សួរ/verb ថា/conj សាលារៀន/verb សុីអេដីឌី/noun ការ/noun សិក្សា/verb របស់/adp សិស្ស/noun នៅ/adp ទី/noun នោះ/det រៀនរយះ/verb ពេល/noun ប៉ុន្មាន/adv ម៉ោង/noun
AskAboutStudyHour.csv,464,19,18,ខ្ញុំ ចង់ សួរ ថា សាកល/B-ORG វិទ្យាល័យ/I-ORG CADT/I-ORG ពេល វេលា សិក្សា របស់ សិស្សានុសិស្ស នៅ ទី នោះ រៀន ថេរ វេលា ប៉ុន្មាន,ខ្ញុំ/pron ចង់/verb សួរ/verb ថា/conj សាកល/adj វិទ្យាល័យ/noun CADT/noun ម៉ោង/noun រៀន/verb របស់/adp សិស្ស/noun នៅ/adp ទី/noun នោះ/det រៀនរយះ/verb ពេល/noun ប៉ុន្មាន/adv ម៉ោង/noun
AskAboutStudyHour.csv,472,18,19,ខ្ញុំ ចង់ សួរ ថា សាកល/B-ORG វិទ្យាល័យ/I-ORG CADT/I-ORG ការ សិក្សា របស់ សិស្សានុសិស្ស នៅ ទី នោះ រៀន ថេរ វេលា ប៉ុន្មាន,ខ្ញុំ/pron ចង់/verb សួរ/verb ថា/conj សាកល/adj វិទ្យាល័យ/noun CADT/noun ពេល/noun វេលា/noun សិក្សា/verb របស់/adp សិស្ស/noun នៅ/adp ទី/noun នោះ/det រៀនរយះ/verb ពេល/noun ប៉ុន្មាន/adv ម៉ោង/noun
AskAboutStudyHour.csv,480,19,18,អាច ប្រាប់ បាន ទេ ថា សាកល/B-ORG វិទ្យាល័យ/I-ORG សុីអេដីឌី/I-ORG ម៉ោង រៀន របស់ សិស្សានុសិស្ស នៅ ទី នោះ រៀន ថេរ វេលា ប៉ុន្មាន,ខ្ញុំ/pron ចង់/verb សួរ/verb ថា/conj សាកល/adj វិទ្យាល័យ/noun CADT/noun ការ/noun សិក្សា/verb របស់/adp សិស្ស/noun នៅ/adp ទី/noun នោះ/det រៀនរយះ/verb ពេល/noun ប៉ុន្មាន/adv ម៉ោង/noun
AskAboutStudyHour.csv,488,20,19,អាច ប្រាប់ បាន ទេ ថា សាកល/B-ORG វិទ្យាល័យ/I-ORG សុីអេដីឌី/I-ORG ពេល វេលា សិក្សា របស់ សិស្សានុសិស្ស នៅ ទី នោះ រៀន ថេរ វេលា ប៉ុន្មាន,អាច/verb ប្រាប់/verb បាន/verb ទេ/prt ថា/conj សាកល/adj វិទ្យាល័យ/noun សុីអេដីឌី/noun ម៉ោង/noun រៀន/verb របស់/adp សិស្ស/noun នៅ/adp ទី/noun នោះ/det រៀនរយះ/verb ពេល/noun ប៉ុន្មាន/adv ម៉ោង/noun
AskAboutStudyHour.csv,496,19,20,អាច ប្រាប់ បាន ទេ ថា សាកល/B-ORG វិទ្យាល័យ/I-ORG សុីអេដីឌី/I-ORG ការ សិក្សា របស់ សិស្សានុសិស្ស នៅ ទី នោះ រៀន ថេរ វេលា ប៉ុន្មាន,អាច/verb ប្រាប់/verb បាន/verb ទេ/prt ថា/conj សាកល/adj វិទ្យាល័យ/noun សុីអេដីឌី/noun ពេល/noun វេលា/noun សិក្សា/verb របស់/adp សិស្ស/noun នៅ/adp ទី/noun នោះ/det រៀនរយះ/verb ពេល/noun ប៉ុន្មាន/adv ម៉ោង/noun
AskAboutStudyHour.csv,504,18,19,អាច ប្រាប់ បាន ទេ ថា វិទ្យាល័យ/B-ORG CADT/I-ORG ម៉ោង រៀន របស់ សិស្សានុសិស្ស នៅ ទី នោះ រៀន ថេរ វេលា ប៉ុន្មាន,អាច/verb ប្រាប់/verb បាន/verb ទេ/prt ថា/conj សាកល/adj វិទ្យាល័យ/noun សុីអេដីឌី/noun ការ/noun សិក្សា/verb របស់/adp សិស្ស/noun នៅ/adp ទី/noun នោះ/det រៀនរយះ/verb ពេល/noun ប៉ុន្មាន/adv ម៉ោង/noun
AskAboutStudyHour.csv,512,19,18,អាច ប្រាប់ បាន ទេ ថា វិទ្យាល័យ/B-ORG CADT/I-ORG ពេល វេលា សិក្សា របស់ សិស្សានុសិស្ស នៅ ទី នោះ រៀន ថេរ វេលា ប៉ុន្មាន,អាច/verb ប្រាប់/verb បាន/verb ទេ/prt ថា/conj វិទ្យាល័យ/noun CADT/noun ម៉ោង/noun រៀន/verb របស់/adp សិស្ស/noun នៅ/adp ទី/noun នោះ/det រៀនរយះ/verb ពេល/noun ប៉ុន្មាន/adv ម៉ោង/noun
AskAboutStudyHour.csv,520,18,19,អាច ប្រាប់ បាន ទេ ថា វិទ្យាល័យ/B-ORG CADT/I-ORG ការ សិក្សា របស់ សិស្សានុសិស្ស នៅ ទី នោះ រៀន ថេរ វេលា ប៉ុន្មាន,អាច/verb ប្រាប់/verb បាន/verb ទេ/prt ថា/conj វិទ្យាល័យ/noun CADT/noun ពេល/noun វេលា/noun សិក្សា/verb របស់/adp សិស្ស/noun នៅ/adp ទី/noun នោះ/det រៀនរយះ/verb ពេល/noun ប៉ុន្មាន/adv ម៉ោង/noun
AskAboutStudyHour.csv,536,19,18,អាច ប្រាប់ បាន ទេ ថា វិទ្យាល័យ/I-ORG សុីអេដីឌី/I-ORG ពេល វេលា សិក្សា របស់ សិស្សានុសិស្ស នៅ ទី នោះ រៀន ថេរ វេលា ប៉ុន្មាន,អាច/verb ប្រាប់/verb បាន/verb ទេ/prt ថា/conj វិទ្យាល័យ/noun សុីអេដីឌី/noun ម៉ោង/noun រៀន/verb របស់/adp សិស្ស/noun នៅ/adp ទី/noun នោះ/det រៀនរយះ/verb ពេល/noun ប៉ុន្មាន/adv ម៉ោង/noun
AskAboutStudyHour.csv,544,18,19,អាច ប្រាប់ បាន ទេ ថា វិទ្យាល័យ/I-ORG សុីអេដីឌី/I-ORG ការ សិក្សា របស់ សិស្សានុសិស្ស នៅ ទី នោះ រៀន ថេរ វេលា ប៉ុន្មាន,អាច/verb ប្រាប់/verb បាន/verb ទេ/prt ថា/conj វិទ្យាល័យ/noun សុីអេដីឌី/noun ពេល/noun វេលា/noun សិក្សា/verb របស់/adp សិស្ស/noun នៅ/adp ទី/noun នោះ/det រៀនរយះ/verb ពេល/noun ប៉ុន្មាន/adv ម៉ោង/noun
AskAboutStudyHour.csv,560,19,18,អាច ប្រាប់ បាន ទេ ថា សាលារៀន/B-ORG សុីអេដីឌី/I-ORG ពេល វេលា សិក្សា របស់ សិស្សានុសិស្ស នៅ ទី នោះ រៀន ថេរ វេលា ប៉ុន្មាន,អាច/verb ប្រាប់/verb បាន/verb ទេ/prt ថា/conj សាលារៀន/verb សុីអេដីឌី/noun ម៉ោង/noun រៀន/verb របស់/adp សិស្ស/noun នៅ/adp ទី/noun នោះ/det រៀនរយះ/verb ពេល/noun ប៉ុន្មាន/adv ម៉ោង/noun
AskAboutStudyHour.csv,568,18,19,អាច ប្រាប់ បាន ទេ ថា សាលារៀន/B-ORG សុីអេដីឌី/I-ORG ការ សិក្សា របស់ សិស្សានុសិស្ស នៅ ទី នោះ រៀន ថេរ វេលា ប៉ុន្មាន,អាច/verb ប្រាប់/verb បាន/verb ទេ/prt ថា/conj សាលារៀន/verb សុីអេដីឌី/noun ពេល/noun វេលា/noun សិក្សា/verb របស់/adp សិស្ស/noun នៅ/adp ទី/noun នោះ/det រៀនរយះ/verb ពេល/noun ប៉ុន្មាន/adv ម៉ោង/noun
AskAboutStudyHour.csv,576,19,18,អាច ប្រាប់ បាន ទេ ថា សាកល/B-ORG វិទ្យាល័យ/I-ORG CADT/I-ORG ម៉ោង រៀន របស់ សិស្សានុសិស្ស នៅ ទី នោះ រៀន ថេរ វេលា ប៉ុន្មាន,អាច/verb ប្រាប់/verb បាន/verb ទេ/prt ថា/conj សាលារៀន/verb សុីអេដីឌី/noun ការ/noun សិក្សា/verb របស់/adp សិស្ស/noun នៅ/adp ទី/noun នោះ/det រៀនរយះ/verb ពេល/noun ប៉ុន្មាន/adv ម៉ោង/noun
AskAboutStudyHour.csv,584,20,19,អាច ប្រាប់ បាន ទេ ថា សាកល/B-ORG វិទ្យាល័យ/I-ORG CADT/I-ORG ពេល វេលា សិក្សា របស់ សិស្សានុសិស្ស នៅ ទី នោះ រៀន ថេរ វេលា ប៉ុន្មាន,អាច/verb ប្រាប់/verb បាន/verb ទេ/prt ថា/conj សាកល/adj វិទ្យាល័យ/noun CADT/noun ម៉ោង/noun រៀន/verb របស់/adp សិស្ស/noun នៅ/adp ទី/noun នោះ/det រៀនរយះ/verb ពេល/noun ប៉ុន្មាន/adv ម៉ោង/noun
AskAboutStudyHour.csv,592,19,20,អាច ប្រាប់ បាន ទេ ថា សាកល/B-ORG វិទ្យាល័យ/I-ORG CADT/I-ORG ការ សិក្សា របស់ សិស្សានុសិស្ស នៅ ទី នោះ រៀន ថេរ វេលា ប៉ុន្មាន,អាច/verb ប្រាប់/verb បាន/verb ទេ/prt ថា/conj សាកល/adj វិទ្យាល័យ/noun CADT/noun ពេល/noun វេលា/noun សិក្សា/verb របស់/adp សិស្ស/noun នៅ/adp ទី/noun នោះ/det រៀនរយះ/verb ពេល/noun ប៉ុន្មាន/adv ម៉ោង/noun
AskAboutStudyHour.csv,600,17,19,សូម សួរ បន្តិច សាកល/B-ORG វិទ្យាល័យ/I-ORG សុីអេដីឌី/I-ORG ម៉ោង រៀន របស់ សិស្សានុសិស្ស នៅ ទី នោះ រៀន ថេរ វេលា ប៉ុន្មាន,អាច/verb ប្រាប់/verb បាន/verb ទេ/prt ថា/conj សាកល/adj វិទ្យាល័យ/noun CADT/noun ការ/noun សិក្សា/verb របស់/adp សិស្ស/noun នៅ/adp ទី/noun នោះ/det រៀនរយះ/verb ពេល/noun ប៉ុន្មាន/adv ម៉ោង/noun
AskAboutStudyHour.csv,608,18,17,សូម សួរ បន្តិច សាកល/B-ORG វិទ្យាល័យ/I-ORG សុីអេដីឌី/I-ORG ពេល វេលា សិក្សា របស់ សិស្សានុសិស្ស នៅ ទី នោះ រៀន ថេរ វេលា ប៉ុន្មាន,សូម/verb សួរ/verb បន្តិច/adj សាកល/adj វិទ្យាល័យ/noun សុីអេដីឌី/noun ម៉ោង/noun រៀន/verb របស់/adp សិស្ស/noun នៅ/adp ទី/noun នោះ/det រៀនរយះ/verb ពេល/noun ប៉ុន្មាន/adv ម៉ោង/noun
AskAboutStudyHour.csv,616,17,18,សូម សួរ បន្តិច សាកល/B-ORG វិទ្យាល័យ/I-ORG សុីអេដីឌី/I-ORG ការ សិក្សា របស់ សិស្សានុសិស្ស នៅ ទី នោះ រៀន ថេរ វេលា ប៉ុន្មាន,សូម/verb សួរ/verb បន្តិច/adj សាកល/adj វិទ្យាល័យ/noun សុីអេដីឌី/noun ពេល/noun វេលា/noun សិក្សា/verb របស់/adp សិស្ស/noun នៅ/adp ទី/noun នោះ/det រៀនរយះ/verb ពេល/noun ប៉ុន្មាន/adv ម៉ោង/noun
AskAboutStudyHour.csv,624,16,17,សូម សួរ បន្តិច វិទ្យាល័យ/B-ORG CADT/I-ORG ម៉ោង រៀន របស់ សិស្សានុសិស្ស នៅ ទី នោះ រៀន ថេរ វេលា ប៉ុន្មាន,សូម/verb សួរ/verb បន្តិច/adj សាកល/adj វិទ្យាល័យ/noun សុីអេដីឌី/noun ការ/noun សិក្សា/verb របស់/adp សិស្ស/noun នៅ/adp ទី/noun នោះ/det រៀនរយះ/verb ពេល/noun ប៉ុន្មាន/adv ម៉ោង/noun
AskAboutStudyHour.csv,632,17,16,សូម សួរ បន្តិច វិទ្យាល័យ/B-ORG CADT/I-ORG ពេល វេលា សិក្សា របស់ សិស្សានុសិស្ស នៅ ទី នោះ រៀន ថេរ វេលា ប៉ុន្មាន,សូម/verb សួរ/verb បន្តិច/adj វិទ្យាល័យ/noun CADT/noun ម៉ោង/noun រៀន/verb របស់/adp សិស្ស/noun នៅ/adp ទី/noun នោះ/det រៀនរយះ/verb ពេល/noun ប៉ុន្មាន/adv ម៉ោង/noun
AskAboutStudyHour.csv,640,16,17,សូម សួរ បន្តិច វិទ្យាល័យ/B-ORG CADT/I-ORG ការ សិក្សា របស់ សិស្សានុសិស្ស នៅ ទី នោះ រៀន ថេរ វេលា ប៉ុន្មាន,សូម/verb សួរ/verb បន្តិច/adj វិទ្យាល័យ/noun CADT/noun ពេល/noun វេលា/noun សិក្សា/verb របស់/adp សិស្ស/noun នៅ/adp ទី/noun នោះ/det រៀនរយះ/verb ពេល/noun ប៉ុន្មាន/adv ម៉ោង/noun
AskAboutStudyHour.csv,656,17,16,សូម សួរ បន្តិច វិទ្យាល័យ/I-ORG សុីអេដីឌី/I-ORG ពេល វេលា សិក្សា របស់ សិស្សានុសិស្ស នៅ ទី នោះ រៀន ថេរ វេលា ប៉ុន្មាន,សូម/verb សួរ/verb បន្តិច/adj វិទ្យាល័យ/noun សុីអេដីឌី/noun ម៉ោង/noun រៀន/verb របស់/adp សិស្ស/noun នៅ/adp ទី/noun នោះ/det រៀនរយះ/verb ពេល/noun ប៉ុន្មាន/adv ម៉ោង/noun
AskAboutStudyHour.csv,664,16,17,សូម សួរ បន្តិច វិទ្យាល័យ/I-ORG សុីអេដីឌី/I-ORG ការ សិក្សា របស់ សិស្សានុសិស្ស នៅ ទី នោះ រៀន ថេរ វេលា ប៉ុន្មាន,សូម/verb សួរ/verb បន្តិច/adj វិទ្យាល័យ/noun សុីអេដីឌី/noun ពេល/noun វេលា/noun សិក្សា/verb របស់/adp សិស្ស/noun នៅ/adp ទី/noun នោះ/det រៀនរយះ/verb ពេល/noun ប៉ុន្មាន/adv ម៉ោង/noun
AskAboutStudyHour.csv,680,17,16,សូម សួរ បន្តិច សាលារៀន/B-ORG សុីអេដីឌី/I-ORG ពេល វេលា សិក្សា របស់ សិស្សានុសិស្ស នៅ ទី នោះ រៀន ថេរ វេលា ប៉ុន្មាន,សូម/verb សួរ/verb បន្តិច/adj សាលារៀន/verb សុីអេដីឌី/noun ម៉ោង/noun រៀន/verb របស់/adp សិស្ស/noun នៅ/adp ទី/noun នោះ/det រៀនរយះ/verb ពេល/noun ប៉ុន្មាន/adv ម៉ោង/noun
AskAboutStudyHour.csv,688,16,17,សូម សួរ បន្តិច សាលារៀន/B-ORG សុីអេដីឌី/I-ORG ការ សិក្សា របស់ សិស្សានុសិស្ស នៅ ទី នោះ រៀន ថេរ វេលា ប៉ុន្មាន,សូម/verb សួរ/verb បន្តិច/adj សាលារៀន/verb សុីអេដីឌី/noun ពេល/noun វេលា/noun សិក្សា/verb របស់/adp សិស្ស/noun នៅ/adp ទី/noun នោះ/det រៀនរយះ/verb ពេល/noun ប៉ុន្មាន/adv ម៉ោង/noun
AskAboutStudyHour.csv,696,17,16,សូម សួរ បន្តិច សាកល/B-ORG វិទ្យាល័យ/I-ORG CADT/I-ORG ម៉ោង រៀន របស់ សិស្សានុសិស្ស នៅ ទី នោះ រៀន ថេរ វេលា ប៉ុន្មាន,សូម/verb សួរ/verb បន្តិច/adj សាលារៀន/verb សុីអេដីឌី/noun ការ/noun សិក្សា/verb របស់/adp សិស្ស/noun នៅ/adp ទី/noun នោះ/det រៀនរយះ/verb ពេល/noun ប៉ុន្មាន/adv ម៉ោង/noun
AskAboutStudyHour.csv,704,18,17,សូម សួរ បន្តិច សាកល/B-ORG វិទ្យាល័យ/I-ORG CADT/I-ORG ពេល វេលា សិក្សា របស់ សិស្សានុសិស្ស នៅ ទី នោះ រៀន ថេរ វេលា ប៉ុន្មាន,សូម/verb សួរ/verb បន្តិច/adj សាកល/adj វិទ្យាល័យ/noun CADT/noun ម៉ោង/noun រៀន/verb របស់/adp សិស្ស/noun នៅ/adp ទី/noun នោះ/det រៀនរយះ/verb ពេល/noun ប៉ុន្មាន/adv ម៉ោង/noun
AskAboutStudyHour.csv,712,17,18,សូម សួរ បន្តិច សាកល/B-ORG វិទ្យាល័យ/I-ORG CADT/I-ORG ការ សិក្សា របស់ សិស្សានុសិស្ស នៅ ទី នោះ រៀន ថេរ វេលា ប៉ុន្មាន,សូម/verb សួរ/verb បន្តិច/adj សាកល/adj វិទ្យាល័យ/noun CADT/noun ពេល/noun វេលា/noun សិក្សា/verb របស់/adp សិស្ស/noun នៅ/adp ទី/noun នោះ/det រៀនរយះ/verb ពេល/noun ប៉ុន្មាន/adv ម៉ោង/noun
FindClubRoom.csv,1,10,11,Mediaclub ស្ថិត នៅ ត្រង់ កន្លែង ណា នៃ សាលារៀន/B-ORG សុីអេដីឌី/I-ORG នេះ,Mediaclub/noun ស្ថិត/verb នៅ/adp ត្រង់/verb កន្លែង/noun ណា/noun នៃ/adp សាលារៀន/noun  សុីអេដីឌី/noun នេះ/det
FindClubRoom.csv,4,12,13,ក្លិប កីឡា អេឡិចត្រូនិច ស្ថិត នៅ ត្រង់ កន្លែង ណា នៃ សាលារៀន/B-ORG សុីអេដីឌី/I-ORG នេះ,ក្លិប/noun កីឡា/noun អេឡិចត្រូនិច/noun ស្ថិត/verb នៅ/adp ត្រង់/verb កន្លែង/noun ណា/noun នៃ/adp សាលារៀន/noun  សុីអេដីឌី/noun នេះ/det
FindClubRoom.csv,7,11,12,ក្លិប តៃវ៉ានដូ ស្ថិត នៅ ត្រង់ កន្លែង ណា នៃ សាលារៀន/B-ORG សុីអេដីឌី/I-ORG នេះ,ក្លិប/noun តៃវ៉ានដូ/noun ស្ថិត/verb នៅ/verb ត្រង់/verb កន្លែង/noun ណា/noun នៃ/adp សាលារៀន/noun  សុីអេដីឌី/noun នេះ/det
FindClubRoom.csv,10,12,13,ក្លិប បាល់ បោះ ស្ថិត នៅ ត្រង់ កន្លែង ណា នៃ សាលារៀន/B-ORG សុីអេដីឌី/I-ORG នេះ,ក្លិប/noun បាល់/noun បោះ/verb ស្ថិត/verb នៅ/adp ត្រង់/verb កន្លែង/noun ណា/noun នៃ/adp សាលារៀន/noun  សុីអេដីឌី/noun នេះ/det
FindClubRoom.csv,13,12,13,ក្លិប សរសេរ កូដ ស្ថិត នៅ ត្រង់ កន្លែង ណា នៃ សាលារៀន/B-ORG សុីអេដីឌី/I-ORG នេះ,ក្លិប/noun សរសេរ/verb កូដ/noun ស្ថិត/verb នៅ/adp ត្រង់/verb កន្លែង/noun ណា/noun នៃ/adp សាលារៀន/noun  សុីអេដីឌី/noun នេះ/det
FindClubRoom.csv,16,12,13,ក្លិប បាល់់ ទាត់ ស្ថិត នៅ ត្រង់ កន្លែង ណា នៃ សាលារៀន/B-ORG សុីអេដីឌី/I-ORG នេះ,ក្លិប/noun បាល់់/noun ទាត់/verb ស្ថិត/verb នៅ/adp ត្រង់/adp កន្លែង/noun ណា/noun នៃ/adp សាលារៀន/noun  សុីអេដីឌី/noun នេះ/det
FindClubRoom.csv,19,12,13,ក្លិប ថត រូប ស្ថិត នៅ ត្រង់ កន្លែង ណា នៃ សាលារៀន/B-ORG សុីអេដីឌី/I-ORG នេះ,ក្លិប/noun ថត/verb រូប/noun ស្ថិត/verb នៅ/adp ត្រង់/verb កន្លែង/noun ណា/noun នៃ/adp សាលារៀន/noun  សុីអេដីឌី/noun នេះ/det
FindClubRoom.csv,22,14,15,ខ្ញុំ ចង់ ដឹង ពី Mediaclub ស្ថិត នៅ ត្រង់ កន្លែង ណា នៃ សាលារៀន/B-ORG សុីអេដីឌី/I-ORG នេះ,ខ្ញុំ/pron ចង់/verb ដឹង/verb ពី/adp Mediaclub/noun ស្ថិត/verb នៅ/adp ត្រង់/adp កន្លែង/noun ណា/noun នៃ/adp សាលារៀន/noun  សុីអេដីឌី/noun នេះ/det
FindClubRoom.csv,25,16,17,ខ្ញុំ ចង់ ដឹង ពី ក្លិប កីឡា អេឡិចត្រូនិច ស្ថិត នៅ ត្រង់ កន្លែង ណា នៃ សាលារៀន/B-ORG សុីអេដីឌី/I-ORG នេះ,ខ្ញុំ/pron ចង់/verb ដឹង/verb ពី/adp ក្លិប/noun កីឡា/noun អេឡិចត្រូនិច/noun ស្ថិត/verb នៅ/verb ត្រង់/verb កន្លែង/noun ណា/noun នៃ/adp សាលារៀន/noun  សុីអេដីឌី/noun នេះ/det
FindClubRoom.csv,28,15,16,ខ្ញុំ ចង់ ដឹង ពី ក្លិប តៃវ៉ានដូ ស្ថិត នៅ ត្រង់ កន្លែង ណា នៃ សាលារៀន/B-ORG សុីអេដីឌី/I-ORG នេះ,ខ្ញុំ/pron ចង់/verb ដឹង/verb ពី/adp ក្លិប/noun តៃវ៉ានដូ/noun ស្ថិត/verb នៅ/verb ត្រង់/verb កន្លែង/noun ណា/noun នៃ/adp សាលារៀន/noun  សុីអេដីឌី/noun នេះ/det
FindClubRoom.csv,31,16,17,ខ្ញុំ ចង់ ដឹង ពី ក្លិប បាល់ បោះ ស្ថិត នៅ ត្រង់ កន្លែង ណា នៃ សាលារៀន/B-ORG សុីអេដីឌី/I-ORG នេះ,ខ្ញុំ/pron ចង់/verb ដឹង/verb ពី/adp ក្លិប/noun បាល់/noun បោះ/verb ស្ថិត/verb នៅ/adp ត្រង់/verb កន្លែង/noun ណា/noun នៃ/adp សាលារៀន/noun  សុីអេដីឌី/noun នេះ/det
FindClubRoom.csv,34,16,17,ខ្ញុំ ចង់ ដឹង ពី ក្លិប សរសេរ កូដ ស្ថិត នៅ ត្រង់ កន្លែង ណា នៃ សាលារៀន/B-ORG សុីអេដីឌី/I-ORG នេះ,ខ្ញុំ/pron ចង់/verb ដឹង/verb ពី/adp ក្លិប/noun សរសេរ/verb កូដ/noun ស្ថិត/verb នៅ/adp ត្រង់/adp កន្លែង/noun ណា/noun នៃ/adp សាលារៀន/noun  សុីអេដីឌី/noun នេះ/det
FindClubRoom.csv,37,16,17,ខ្ញុំ ចង់ ដឹង ពី ក្លិប បាល់់ ទាត់ ស្ថិត នៅ ត្រង់ កន្លែង ណា នៃ សាលារៀន/B-ORG សុីអេដីឌី/I-ORG នេះ,ខ្ញុំ/pron ចង់/verb ដឹង/verb ពី/adp ក្លិប/noun បាល់់/noun ទាត់/verb ស្ថិត/verb នៅ/adp ត្រង់/adp កន្លែង/noun ណា/noun នៃ/adp សាលារៀន/noun  សុីអេដីឌី/noun នេះ/det
FindClubRoom.csv,40,16,17,ខ្ញុំ ចង់ ដឹង ពី ក្លិប ថត រូប ស្ថិត នៅ ត្រង់ កន្លែង ណា នៃ សាលារៀន/B-ORG សុីអេដីឌី/I-ORG នេះ,ខ្ញុំ/pron ចង់/verb ដឹង/verb ពី/adp ក្លិប/noun ថត/verb រូប/noun ស្ថិត/verb នៅ/adp ត្រង់/adp កន្លែង/noun ណា/noun នៃ/adp សាលារៀន/noun  សុីអេដីឌី/noun នេះ/det
FindClubRoom.csv,43,16,17,អ្នក អាច ប្រាប់ បាន ទេ ថា Mediaclub ស្ថិត នៅ ត្រង់ កន្លែង ណា នៃ សាលារៀន/B-ORG សុីអេដីឌី/I-ORG នេះ,អ្នក/pron អាច/verb ប្រាប់/verb បាន/verb ទេ/prt ថា/conj Mediaclub/noun ស្ថិត/verb នៅ/adp ត្រង់/adp កន្លែង/noun ណា/noun នៃ/adp សាលារៀន/noun  សុីអេដីឌី/noun នេះ/det
FindClubRoom.csv,46,18,19,អ្នក អាច ប្រាប់ បាន ទេ ថា ក្លិប កីឡា អេឡិចត្រូនិច ស្ថិត នៅ ត្រង់ កន្លែង ណា នៃ សាលារៀន/B-ORG សុីអេដីឌី/I-ORG នេះ,អ្នក/pron អាច/verb ប្រាប់/verb បាន/verb ទេ/prt ថា/conj ក្លិប/noun កីឡា/noun អេឡិចត្រូនិច/noun ស្ថិត/verb នៅ/verb ត្រង់/verb កន្លែង/noun ណា/noun នៃ/adp សាលារៀន/noun  សុីអេដីឌី/noun នេះ/det
FindClubRoom.csv,49,17,18,អ្នក អាច ប្រាប់ បាន ទេ ថា ក្លិប តៃវ៉ានដូ ស្ថិត នៅ ត្រង់ កន្លែង ណា នៃ សាលារៀន/B-ORG សុីអេដីឌី/I-ORG នេះ,អ្នក/pron អាច/verb ប្រាប់/verb បាន/verb ទេ/prt ថា/conj ក្លិប/noun តៃវ៉ានដូ/noun ស្ថិត/verb នៅ/verb ត្រង់/verb កន្លែង/noun ណា/noun នៃ/adp សាលារៀន/noun  សុីអេដីឌី/noun នេះ/det
FindClubRoom.csv,52,18,19,អ្នក អាច ប្រាប់ បាន ទេ ថា ក្លិប បាល់ បោះ ស្ថិត នៅ ត្រង់ កន្លែង ណា នៃ សាលារៀន/B-ORG សុីអេដីឌី/I-ORG នេះ,អ្នក/pron អាច/verb ប្រាប់/verb បាន/verb ទេ/prt ថា/conj ក្លិប/noun បាល់/noun បោះ/verb ស្ថិត/verb នៅ/adp ត្រង់/verb កន្លែង/noun ណា/noun នៃ/adp សាលារៀន/noun  សុីអេដីឌី/noun នេះ/det
FindClubRoom.csv,55,18,19,អ្នក អាច ប្រាប់ បាន ទេ ថា ក្លិប សរសេរ កូដ ស្ថិត នៅ ត្រង់ កន្លែង ណា នៃ សាលារៀន/B-ORG សុីអេដីឌី/I-ORG នេះ,អ្នក/pron អាច/verb ប្រាប់/verb បាន/verb ទេ/prt ថា/conj ក្លិប/noun សរសេរ/verb កូដ/noun ស្ថិត/verb នៅ/adp ត្រង់/adp កន្លែង/noun ណា/noun នៃ/adp សាលារៀន/noun  សុីអេដីឌី/noun នេះ/det
FindClubRoom.csv,58,18,19,អ្នក អាច ប្រាប់ បាន ទេ ថា ក្លិប បាល់់ ទាត់ ស្ថិត នៅ ត្រង់ កន្លែង ណា នៃ សាលារៀន/B-ORG សុីអេដីឌី/I-ORG នេះ,អ្នក/pron អាច/verb ប្រាប់/verb បាន/verb ទេ/prt ថា/conj ក្លិប/noun បាល់់/noun ទាត់/verb ស្ថិត/verb នៅ/adp ត្រង់/adp កន្លែង/noun ណា/noun នៃ/adp សាលារៀន/noun  សុីអេដីឌី/noun នេះ/det
FindClubRoom.csv,61,18,19,អ្នក អាច ប្រាប់ បាន ទេ ថា ក្លិប ថត រូប ស្ថិត នៅ ត្រង់ កន្លែង ណា នៃ សាលារៀន/B-ORG សុីអេដីឌី/I-ORG នេះ,អ្នក/pron អាច/verb ប្រាប់/verb បាន/verb ទេ/prt ថា/conj ក្លិប/noun ថត/verb រូប/noun ស្ថិត/verb នៅ/adp ត្រង់/adp កន្លែង/noun ណា/noun នៃ/adp សាលារៀន/noun  សុីអេដីឌី/noun នេះ/det
FindClubRoom.csv,64,12,13,បន្ទប់ របស់ Mediaclub ស្ថិត នៅ ត្រង់ កន្លែង ណា នៃ សាលារៀន/B-ORG សុីអេដីឌី/I-ORG នេះ,បន្ទប់/noun របស់/adp Mediaclub/noun ស្ថិត/verb នៅ/adp ត្រង់/adp កន្លែង/noun ណា/noun នៃ/adp សាលារៀន/noun  សុីអេដីឌី/noun នេះ/det
FindClubRoom.csv,67,14,15,បន្ទប់ របស់ ក្លិប កីឡា អេឡិចត្រូនិច ស្ថិត នៅ ត្រង់ កន្លែង ណា នៃ សាលារៀន/B-ORG សុីអេដីឌី/I-ORG នេះ,បន្ទប់/noun របស់/adp ក្លិប/noun កីឡា/noun អេឡិចត្រូនិច/noun ស្ថិត/verb នៅ/adp ត្រង់/verb កន្លែង/noun ណា/noun នៃ/adp សាលារៀន/noun  សុីអេដីឌី/noun នេះ/det
FindClubRoom.csv,70,13,14,បន្ទប់ របស់ ក្លិប តៃវ៉ានដូ ស្ថិត នៅ ត្រង់ កន្លែង ណា នៃ សាលារៀន/B-ORG សុីអេដីឌី/I-ORG នេះ,បន្ទប់/noun របស់/adp ក្លិប/noun តៃវ៉ានដូ/noun ស្ថិត/verb នៅ/verb ត្រង់/verb កន្លែង/noun ណា/noun នៃ/adp សាលារៀន/noun  សុីអេដីឌី/noun នេះ/det
FindClubRoom.csv,73,14,15,បន្ទប់ របស់ ក្លិប បាល់ បោះ ស្ថិត នៅ ត្រង់ កន្លែង ណា នៃ សាលារៀន/B-ORG សុីអេដីឌី/I-ORG នេះ,បន្ទប់/noun របស់/adp ក្លិប/noun បាល់/noun បោះ/verb ស្ថិត/verb នៅ/adp ត្រង់/verb កន្លែង/noun ណា/noun នៃ/adp សាលារៀន/noun  សុីអេដីឌី/noun នេះ/det
FindClubRoom.csv,76,14,15,បន្ទប់ របស់ ក្លិប សរសេរ កូដ ស្ថិត នៅ ត្រង់ កន្លែង ណា នៃ សាលារៀន/B-ORG សុីអេដីឌី/I-ORG នេះ,បន្ទប់/noun របស់/adp ក្លិប/noun សរសេរ/verb កូដ/noun ស្ថិត/verb នៅ/adp ត្រង់/verb កន្លែង/noun ណា/noun នៃ/adp សាលារៀន/noun  សុីអេដីឌី/noun នេះ/det
FindClubRoom.csv,79,14,15,បន្ទប់ របស់ ក្លិប បាល់់ ទាត់ ស្ថិត នៅ ត្រង់ កន្លែង ណា នៃ សាលារៀន/B-ORG សុីអេដីឌី/I-ORG នេះ,បន្ទប់/noun របស់/adp ក្លិប/noun បាល់់/noun ទាត់/verb ស្ថិត/verb នៅ/adp ត្រង់/adp កន្លែង/noun ណា/noun នៃ/adp សាលារៀន/noun  សុីអេដីឌី/noun នេះ/det
FindClubRoom.csv,82,14,15,បន្ទប់ របស់ ក្លិប ថត រូប ស្ថិត នៅ ត្រង់ កន្លែង ណា នៃ សាលារៀន/B-ORG សុីអេដីឌី/I-ORG នេះ,បន្ទប់/noun របស់/adp ក្លិប/noun ថត/verb រូប/noun ស្ថិត/verb នៅ/adp ត្រង់/verb កន្លែង/noun ណា/noun នៃ/adp សាលារៀន/noun  សុីអេដីឌី/noun នេះ/det
FindClubRoom.csv,88,15,16,ខ្ញុំ ចង់ រក ក្លិប កីឡា អេឡិចត្រូនិច ស្ថិត នៅ ត្រង់ កន្លែង ណា នៃ សាលារៀន/B-ORG សុីអេដីឌី/I-ORG នេះ,ខ្ញុំ/pron ចង់/verb រក/verb ក្លិប/noun កីឡា/noun អេឡិចត្រូនិច/noun ស្ថិត/verb នៅ/verb ត្រង់/verb កន្លែង/noun ណា/noun នៃ/adp សាលារៀន/noun  សុីអេដីឌី/noun នេះ/det
FindClubRoom.csv,91,14,15,ខ្ញុំ ចង់ រក ក្លិប តៃវ៉ានដូ ស្ថិត នៅ ត្រង់ កន្លែង ណា នៃ សាលារៀន/B-ORG សុីអេដីឌី/I-ORG នេះ,ខ្ញុំ/pron ចង់/verb រក/verb ក្លិប/noun តៃវ៉ានដូ/noun ស្ថិត/verb នៅ/verb ត្រង់/verb កន្លែង/noun ណា/noun នៃ/adp សាលារៀន/noun  សុីអេដីឌី/noun នេះ/det
FindClubRoom.csv,94,15,16,ខ្ញុំ ចង់ រក ក្លិប បាល់ បោះ ស្ថិត នៅ ត្រង់ កន្លែង ណា នៃ សាលារៀន/B-ORG សុីអេដីឌី/I-ORG នេះ,ខ្ញុំ/pron ចង់/verb រក/verb ក្លិប/noun បាល់/noun បោះ/verb ស្ថិត/verb នៅ/adp ត្រង់/verb កន្លែង/noun ណា/noun នៃ/adp សាលារៀន/noun  សុីអេដីឌី/noun នេះ/det
FindClubRoom.csv,97,15,16,ខ្ញុំ ចង់ រក ក្លិប សរសេរ កូដ ស្ថិត នៅ ត្រង់ កន្លែង ណា នៃ សាលារៀន/B-ORG សុីអេដីឌី/I-ORG នេះ,ខ្ញុំ/pron ចង់/verb រក/verb ក្លិប/verb សរសេរ/verb កូដ/noun ស្ថិត/verb នៅ/adp ត្រង់/verb កន្លែង/noun ណា/noun នៃ/adp សាលារៀន/noun  សុីអេដីឌី/noun នេះ/det
FindClubRoom.csv,100,15,16,ខ្ញុំ ចង់ រក ក្លិប បាល់់ ទាត់ ស្ថិត នៅ ត្រង់ កន្លែង ណា នៃ សាលារៀន/B-ORG សុីអេដីឌី/I-ORG នេះ,ខ្ញុំ/pron ចង់/verb រក/verb ក្លិប/noun បាល់់/noun ទាត់/verb ស្ថិត/verb នៅ/adp ត្រង់/adp កន្លែង/noun ណា/noun នៃ/adp សាលារៀន/noun  សុីអេដីឌី/noun នេះ/det
FindClubRoom.csv,103,15,16,ខ្ញុំ ចង់ រក ក្លិប ថត រូប ស្ថិត នៅ ត្រង់ កន្លែង ណា នៃ សាលារៀន/B-ORG សុីអេដីឌី/I-ORG នេះ,ខ្ញុំ/pron ចង់/verb រក/verb ក្លិប/noun ថត/verb រូប/noun ស្ថិត/verb នៅ/adp ត្រង់/adp កន្លែង/noun ណា/noun នៃ/adp សាលារៀន/noun  សុីអេដីឌី/noun នេះ/det
FindTNInfo.csv,50,5,6,តើ TN/B-MAJORរៀន ពី អ្វី ទៅ,តើ/prt TN/noun រៀន/verb ពី/adp អ្វី/noun ទៅ/adp
FindTNInfo.csv,130,9,10,តើ ប្រាប់ បាន ទេ ថា TN/B-MAJORរៀន ពី អ្វី ទៅ,តើ/prt ប្រាប់/verb បាន/verb ទេ/prt ថា/conj TN/noun រៀន/verb ពី/adp អ្វី/noun ទៅ/adp
FindTNInfo.csv,241,11,9,តើ អាច ប្រាប់ ខ្ញុំ បាន ទេ ថា តេអិន/B-MAJOR សិក្សា អ្វី ខ្លះ,តើ/prt អាច/verb ប្រាប់/verb ខ្ញុំ/pron បាន/verb ទេ/prt ថាតេអិនសិក្សា/conj អ្វី/noun ខ្លះ/adj
FindTotalStudents.csv,166,11,10,តើ សាលា/B-ORG សុីអេឌុីធី/I-ORG Jojo/B-PER ដឹង ទេ ថា មាន និស្សិត ប៉ុន្មាន ?,តើ/prt សាលា/noun សុីអេឌុីធី/noun Jojoដឹង/noun ទេ/prt ថា/conj មាន/verb និស្សិត/noun ប៉ុន្មាន/adv ?/punct
FindTotalStudents.csv,168,11,10,តើ សាលា/B-ORG សុីអេឌុីធី/I-ORG Jojo/B-PER ដឹង ទេ ថា មាន student ប៉ុន្មាន ?,តើ/prt សាលា/noun សុីអេឌុីធី/noun Jojoដឹង/noun ទេ/prt ថា/conj មាន/verb student/noun ប៉ុន្មាន/adv ?/punct
IsCanteenExist.csv,8,9,12,នៅ មាន អាហាររដ្ឋាន របស់ សាលារៀន/B-ORG សុីអេដីឌី/I-ORG ដែល ឬ ទេ,នៅ/verb មាន/verb អាហាររដ្ឋាន/noun របស់/adp សាលា/noun រៀន/verb សុី/noun អេ/noun ដីឌី/noun ដែល/noun ឬ/conj ទេ/prt
IsCanteenExist.csv,27,11,14,នៅ មាន កន្លែង ញុំ អាហារ របស់ សាលារៀន/B-ORG សុីអេដីឌី/I-ORG ឬ ក៏ អត់,នៅ/verb មាន/verb កន្លែង/noun ញុំ/verb អាហារ/noun របស់/adp សាលា/noun រៀន/verb សុី/noun អេ/noun ដីឌី/noun ឬ/conj ក៏/conj អត់/prt
IsCanteenExist.csv,28,11,14,នៅ មាន កន្លែង ញុំ អាហារ របស់ សាលារៀន/B-ORG សុីអេដីឌី/I-ORG ដែល ឬ ទេ,នៅ/verb មាន/verb កន្លែង/noun ញុំ/verb អាហារ/noun របស់/adp សាលា/noun រៀន/verb សុី/noun អេ/noun ដីឌី/noun ដែល/noun ឬ/conj ទេ/prt
IsCanteenExist.csv,38,11,14,នៅ មាន កន្លែង ញុំ អាហារ នៅ សាលារៀន/B-ORG សុីអេដីឌី/I-ORG ដែល ឬ ទេ,នៅ/verb មាន/verb កន្លែង/noun ញុំ/verb អាហារ/noun នៅ/adp សាលា/noun រៀន/verb សុី/noun អេ/noun ដីឌី/noun ដែល/noun ឬ/conj ទេ/prt
IsCanteenExist.csv,48,9,12,នៅ មាន កុងទីន របស់ សាលារៀន/B-ORG សុីអេដីឌី/I-ORG ដែល ឬ ទេ,នៅ/verb មាន/verb កុងទីន/noun របស់/adp សាលា/noun រៀន/verb សុី/noun អេ/noun ដីឌី/noun ដែល/noun ឬ/conj ទេ/prt
IsCanteenExist.csv,58,9,12,នៅ មាន កុងទីន នៅ សាលារៀន/B-ORG សុីអេដីឌី/I-ORG ដែល ឬ ទេ,នៅ/verb មាន/verb កុងទីន/noun នៅ/adp សាលា/noun រៀន/verb សុី/noun អេ/noun ដីឌី/noun ដែល/noun ឬ/conj ទេ/prt
IsCanteenExist.csv,67,10,13,ពិត ជា មាន អាហាររដ្ឋាន របស់ សាលារៀន/B-ORG សុីអេដីឌី/I-ORG ឬ ក៏ អត់,ពិត/adj ជា/verb មាន/verb អាហាររដ្ឋាន/noun របស់/adp សាលា/noun រៀន/verb សុី/noun អេ/noun ដីឌី/noun ឬ/conj ក៏/conj អត់/prt
IsCanteenExist.csv,68,10,13,ពិត ជា មាន អាហាររដ្ឋាន របស់ សាលារៀន/B-ORG សុីអេដីឌី/I-ORG ដែល ឬ ទេ,ពិត/adj ជា/verb មាន/verb អាហាររដ្ឋាន/noun របស់/adp សាលា/noun រៀន/verb សុី/noun អេ/noun ដីឌី/noun ដែល/noun ឬ/conj ទេ/prt
IsCanteenExist.csv,78,10,13,ពិត ជា មាន អាហាររដ្ឋាន នៅ សាលារៀន/B-ORG សុីអេដីឌី/I-ORG ដែល ឬ ទេ,ពិត/adj ជា/verb មាន/verb អាហាររដ្ឋាន/noun នៅ/adp សាលា/noun រៀន/verb សុី/noun អេ/noun ដីឌី/noun ដែល/noun ឬ/conj ទេ/prt
IsCanteenExist.csv,87,12,15,ពិត ជា មាន កន្លែង ញុំ អាហារ របស់ សាលារៀន/B-ORG សុីអេដីឌី/I-ORG ឬ ក៏ អត់,ពិត/adj ជា/verb មាន/verb កន្លែង/noun ញុំ/verb អាហារ/noun របស់/adp សាលា/noun រៀន/verb សុី/noun អេ/noun ដីឌី/noun ឬ/conj ក៏/conj អត់/prt
IsCanteenExist.csv,88,12,15,ពិត ជា មាន កន្លែង ញុំ អាហារ របស់ សាលារៀន/B-ORG សុីអេដីឌី/I-ORG ដែល ឬ ទេ,ពិត/adj ជា/verb មាន/verb កន្លែង/noun ញុំ/verb អាហារ/noun របស់/adp សាលា/noun រៀន/verb សុី/noun អេ/noun ដីឌី/noun ដែល/noun ឬ/conj ទេ/prt
IsCanteenExist.csv,98,12,15,ពិត ជា មាន កន្លែង ញុំ អាហារ នៅ សាលារៀន/B-ORG សុីអេដីឌី/I-ORG ដែល ឬ ទេ,ពិត/adj ជា/verb មាន/verb កន្លែង/noun ញុំ/verb អាហារ/noun នៅ/adp សាលា/noun រៀន/verb សុី/noun អេ/noun ដីឌី/noun ដែល/noun ឬ/conj ទេ/prt
IsCanteenExist.csv,108,10,13,ពិត ជា មាន កុងទីន របស់ សាលារៀន/B-ORG សុីអេដីឌី/I-ORG ដែល ឬ ទេ,ពិត/adj ជា/verb មាន/verb កុងទីន/noun របស់/adp សាលា/noun រៀន/verb សុី/noun អេ/noun ដីឌី/noun ដែល/noun ឬ/conj ទេ/prt
IsCanteenExist.csv,118,10,13,ពិត ជា មាន កុងទីន នៅ សាលារៀន/B-ORG សុីអេដីឌី/I-ORG ដែល ឬ ទេ,ពិត/adj ជា/verb មាន/verb កុងទីន/noun នៅ/adp សាលា/noun រៀន/verb សុី/noun អេ/noun ដីឌី/noun ដែល/noun ឬ/conj ទេ/prt
IsCanteenExist.csv,128,12,15,ខ្ញុំ ចង់ ដឹង ថា មាន អាហាររដ្ឋាន របស់ សាលារៀន/B-ORG សុីអេដីឌី/I-ORG ដែល ឬ ទេ,ខ្ញុំ/pron ចង់/verb ដឹង/verb ថា/conj មាន/verb អាហាររដ្ឋាន/noun របស់/adp សាលា/noun រៀន/verb សុី/noun អេ/noun ដីឌី/noun ដែល/noun ឬ/conj ទេ/prt
IsCanteenExist.csv,138,12,15,ខ្ញុំ ចង់ ដឹង ថា មាន អាហាររដ្ឋាន នៅ សាលារៀន/B-ORG សុីអេដីឌី/I-ORG ដែល ឬ ទេ,ខ្ញុំ/pron ចង់/verb ដឹង/verb ថា/conj មាន/verb អាហាររដ្ឋាន/noun នៅ/adp សាលា/noun រៀន/verb សុី/noun អេ/noun ដីឌី/noun ដែល/noun ឬ/conj ទេ/prt
IsCanteenExist.csv,147,14,17,ខ្ញុំ ចង់ ដឹង ថា មាន កន្លែង ញុំ អាហារ របស់ សាលារៀន/B-ORG សុីអេដីឌី/I-ORG ឬ ក៏ អត់,ខ្ញុំ/pron ចង់/verb ដឹង/verb ថា/conj មាន/verb កន្លែង/noun ញុំ/verb អាហារ/noun របស់/adp សាលា/noun រៀន/verb សុី/noun អេ/noun ដីឌី/noun ឬ/conj ក៏/conj អត់/prt
IsCanteenExist.csv,148,14,17,ខ្ញុំ ចង់ ដឹង ថា មាន កន្លែង ញុំ អាហារ របស់ សាលារៀន/B-ORG សុីអេដីឌី/I-ORG ដែល ឬ ទេ,ខ្ញុំ/pron ចង់/verb ដឹង/verb ថា/conj មាន/verb កន្លែង/noun ញុំ/verb អាហារ/noun របស់/adp សាលា/noun រៀន/verb សុី/noun អេ/noun ដីឌី/noun ដែល/noun ឬ/conj ទេ/prt
IsCanteenExist.csv,168,12,15,ខ្ញុំ ចង់ ដឹង ថា មាន កុងទីន របស់ សាលារៀន/B-ORG សុីអេដីឌី/I-ORG ដែល ឬ ទេ,ខ្ញុំ/pron ចង់/verb ដឹង/verb ថា/conj មាន/verb កុងទីន/noun របស់/adp សាលា/noun រៀន/verb សុី/noun អេ/noun ដីឌី/noun ដែល/noun ឬ/conj ទេ/prt
IsCanteenExist.csv,188,9,12,ដែល មាន អាហាររដ្ឋាន របស់ សាលារៀន/B-ORG សុីអេដីឌី/I-ORG ដែល ឬ ទេ,ដែល/noun មាន/verb អាហាររដ្ឋាន/noun របស់/adp សាលា/noun រៀន/verb សុី/noun អេ/noun ដីឌី/noun ដែល/noun ឬ/conj ទេ/prt
IsCanteenExist.csv,198,9,12,ដែល មាន អាហាររដ្ឋាន នៅ សាលារៀន/B-ORG សុីអេដីឌី/I-ORG ដែល ឬ ទេ,ដែល/noun មាន/verb អាហាររដ្ឋាន/noun នៅ/adp សាលា/noun រៀន/verb សុី/noun អេ/noun ដីឌី/noun ដែល/noun ឬ/conj ទេ/prt
IsCanteenExist.csv,207,11,14,ដែល មាន កន្លែង ញុំ អាហារ របស់ សាលារៀន/B-ORG សុីអេដីឌី/I-ORG ឬ ក៏ អត់,ដែល/noun មាន/verb កន្លែង/noun ញុំ/verb អាហារ/noun របស់/adp សាលា/noun រៀន/verb សុី/noun អេ/noun ដីឌី/noun ឬ/conj ក៏/conj អត់/prt
IsCanteenExist.csv,208,11,14,ដែល មាន កន្លែង ញុំ អាហារ របស់ សាលារៀន/B-ORG សុីអេដីឌី/I-ORG ដែល ឬ ទេ,ដែល/noun មាន/verb កន្លែង/noun ញុំ/verb អាហារ/noun របស់/adp សាលា/noun រៀន/verb សុី/noun អេ/noun ដីឌី/noun ដែល/noun ឬ/conj ទេ/prt
IsCanteenExist.csv,228,9,12,ដែល មាន កុងទីន របស់ សាលារៀន/B-ORG សុីអេដីឌី/I-ORG ដែល ឬ ទេ,ដែល/noun មាន/verb កុងទីន/noun របស់/adp សាលា/noun រៀន/verb សុី/noun អេ/noun ដីឌី/noun ដែល/noun ឬ/conj ទេ/prt
IsCanteenExist.csv,238,9,12,ដែល មាន កុងទីន នៅ សាលារៀន/B-ORG សុីអេដីឌី/I-ORG ដែល ឬ ទេ,ដែល/noun មាន/verb កុងទីន/noun នៅ/adp សាលា/noun រៀន/verb សុី/noun អេ/noun ដីឌី/noun ដែល/noun ឬ/conj ទេ/prt
IsExistDoorExit.csv,661,18,19,មាន ដឹង អត់ ថា នៅ សាលា/B-ORG ស៊ីអេឌីធី/I-ORGជាន់ ធ្វើ ការ របស់ បុគ្គលិក មាន ជណ្ដើរ exist ដែរ ឬ ទេ ?,មាន/verb ដឹង/verb អត់/prt ថា/conj នៅ/adp សាលា/noun ស៊ីអេឌីធី/noun ជាន់/noun ធ្វើ/verb ការ/noun របស់/adp បុគ្គលិក/noun មាន/verb ជណ្ដើរ/noun exist/verb ដែរ/adv ឬ/conj ទេ/prt ?/punct
IsExistDoorExit.csv,662,22,23,មាន ដឹង អត់ ថា នៅ សាលា/B-ORG ស៊ីអេឌីធី/I-ORGជាន់ ធ្វើ ការ របស់ បុគ្គលិក មាន ជណ្ដើរ អាសន្ន ជណ្ដើរ គេច គ្រោះ ថ្នាក់ ដែរ ឬ ទេ ?,មាន/verb ដឹង/verb អត់/prt ថា/conj នៅ/adp សាលា/noun ស៊ីអេឌីធី/noun ជាន់/noun ធ្វើ/verb ការ/noun របស់/adp បុគ្គលិក/noun មាន/verb ជណ្ដើរ/noun អាសន្ន/adj ជណ្ដើរ/noun គេច/verb គ្រោះ/noun ថ្នាក់/noun ដែរ/adv ឬ/conj ទេ/prt ?/punct
IsExistDoorExit.csv,663,21,22,មាន ដឹង អត់ ថា នៅ សាលា/B-ORG ស៊ីអេឌីធី/I-ORGជាន់ ធ្វើ ការ របស់ បុគ្គលិក មាន ជណ្ដើរ ពេល មាន អគ្គិ ភ័យ ដែរ ឬ ទេ ?,មាន/verb ដឹង/verb អត់/prt ថា/conj នៅ/adp សាលា/noun ស៊ីអេឌីធី/noun ជាន់/noun ធ្វើ/verb ការ/noun របស់/adp បុគ្គលិក/noun មាន/verb ជណ្ដើរ/noun ពេល/noun មាន/verb អគ្គិ/noun ភ័យ/noun ដែរ/adv ឬ/conj ទេ/prt ?/punct
IsExistDoorExit.csv,664,18,19,មាន ដឹង អត់ ថា នៅ សាលា/B-ORG ស៊ីអេឌីធី/I-ORGជាន់ ធ្វើ ការ របស់ បុគ្គលិក មាន ជណ្ដើរ អ៊ិចស៊ីស ដែរ ឬ ទេ ?,មាន/verb ដឹង/verb អត់/prt ថា/conj នៅ/adp សាលា/noun ស៊ីអេឌីធី/noun ជាន់/noun ធ្វើ/verb ការ/noun របស់/adp បុគ្គលិក/noun មាន/verb ជណ្ដើរ/noun អ៊ិចស៊ីស/noun ដែរ/adv ឬ/conj ទេ/prt ?/punct
IsExistDoorExit.csv,949,16,17,ដឹង ថា នៅ សាលា/B-ORG ស៊ីអេឌីធី/I-ORGជាន់ ធ្វើ ការ របស់ បុគ្គលិក មាន ជណ្ដើរ exist ដែរ ឬ ទេ ?,ដឹង/verb ថា/conj នៅ/adp សាលា/noun ស៊ីអេឌីធី/noun ជាន់/noun ធ្វើ/verb ការ/noun របស់/adp បុគ្គលិក/noun មាន/verb ជណ្ដើរ/noun exist/verb ដែរ/adv ឬ/conj ទេ/prt ?/punct
IsExistDoorExit.csv,950,20,21,ដឹង ថា នៅ សាលា/B-ORG ស៊ីអេឌីធី/I-ORGជាន់ ធ្វើ ការ របស់ បុគ្គលិក មាន ជណ្ដើរ អាសន្ន ជណ្ដើរ គេច គ្រោះ ថ្នាក់ ដែរ ឬ ទេ ?,ដឹង/verb ថា/conj នៅ/adp សាលា/noun ស៊ីអេឌីធី/noun ជាន់/noun ធ្វើ/verb ការ/noun របស់/adp បុគ្គលិក/noun មាន/verb ជណ្ដើរ/noun អាសន្ន/adj ជណ្ដើរ/noun គេច/verb គ្រោះ/noun ថ្នាក់/noun ដែរ/adv ឬ/conj ទេ/prt ?/punct
IsExistDoorExit.csv,951,19,20,ដឹង ថា នៅ សាលា/B-ORG ស៊ីអេឌីធី/I-ORGជាន់ ធ្វើ ការ របស់ បុគ្គលិក មាន ជណ្ដើរ ពេល មាន អគ្គិ ភ័យ ដែរ ឬ ទេ ?,ដឹង/verb ថា/conj នៅ/adp សាលា/noun ស៊ីអេឌីធី/noun ជាន់/noun ធ្វើ/verb ការ/noun របស់/adp បុគ្គលិក/noun មាន/verb ជណ្ដើរ/noun ពេល/noun មាន/verb អគ្គិ/noun ភ័យ/noun ដែរ/adv ឬ/conj ទេ/prt ?/punct
IsFootballFieldExist.csv,12,12,13,នៅ មាន ទី/B-BUILD លាន/I-BUILD បាល់/I-BUILD ទាត់/I-BUILD នៃ សាលារៀន/B-ORG សុីអេដីឌី/I-ORG ឬ ក៏ អត់,នៅ/verb មាន/verb ទី/noun លាន/noun បាល់/noun ទាត់/verb នៃ/adp សាលារៀន/noun សុី/noun អេដីឌី/noun ឬ/conj ក៏/conj អត់/prt
IsFootballFieldExist.csv,72,11,12,នៅ មាន តារាង/B-BUILD បាល់/I-BUILD ទាត់/I-BUILD នៃ សាលារៀន/B-ORG សុីអេដីឌី/I-ORG ឬ ក៏ អត់,នៅ/verb មាន/verb តារាង/noun បាល់/noun ទាត់/verb នៃ/adp សាលារៀន/noun សុី/noun អេដីឌី/noun ឬ/conj ក៏/conj អត់/prt
IsFootballFieldExist.csv,87,11,12,នៅ មាន តារាង/B-BUILD បាល់/I-BUILD ទាត់/I-BUILD នៅ សាលារៀន/B-ORG សុីអេដីឌី/I-ORG ឬ ក៏ អត់,នៅ/verb មាន/verb តារាង/noun បាល់/noun ទាត់/verb នៅ/adp សាលារៀន/noun សុី/noun អេដីឌី/noun ឬ/conj ក៏/conj អត់/prt
IsFootballFieldExist.csv,132,12,13,នៅ មាន កន្លែង/B-BUILD លេង/I-BUILD បាល់/I-BUILD ទាត់/I-BUILD នៃ សាលារៀន/B-ORG សុីអេដីឌី/I-ORG ឬ ក៏ អត់,នៅ/verb មាន/verb កន្លែង/noun លេង/verb បាល់/noun ទាត់/verb នៃ/adp សាលារៀន/noun សុី/noun អេដីឌី/noun ឬ/conj ក៏/conj អត់/prt
IsFootballFieldExist.csv,147,12,13,នៅ មាន កន្លែង/B-BUILD លេង/I-BUILD បាល់/I-BUILD ទាត់/I-BUILD នៅ សាលារៀន/B-ORG សុីអេដីឌី/I-ORG ឬ ក៏ អត់,នៅ/verb មាន/verb កន្លែង/noun លេង/verb បាល់/noun ទាត់/verb នៅ/adp សាលារៀន/noun សុី/noun អេដីឌី/noun ឬ/conj ក៏/conj អត់/prt
IsFootballFieldExist.csv,192,13,14,នៅ មាន ទី/B-BUILD លាន/I-BUILD សម្រាប់/I-BUILD ទាត់/I-BUILD បាល់/I-BUILD នៃ សាលារៀន/B-ORG សុីអេដីឌី/I-ORG ឬ ក៏ អត់,នៅ/verb មាន/verb ទី/noun លាន/noun សម្រាប់/adp ទាត់/verb បាល់/noun នៃ/adp សាលារៀន/noun សុី/noun អេដីឌី/noun ឬ/conj ក៏/conj អត់/prt
IsFootballFieldExist.csv,312,12,13,ពិត ជា មាន តារាង/B-BUILD បាល់/I-BUILD ទាត់/I-BUILD នៃ សាលារៀន/B-ORG សុីអេដីឌី/I-ORG ឬ ក៏ អត់,ពិត/adj ជា/verb មាន/verb តារាង/noun បាល់/noun ទាត់/verb នៃ/adp សាលារៀន/noun សុី/noun អេដីឌី/noun ឬ/conj ក៏/conj អត់/prt
IsFootballFieldExist.csv,327,12,13,ពិត ជា មាន តារាង/B-BUILD បាល់/I-BUILD ទាត់/I-BUILD នៅ សាលារៀន/B-ORG សុីអេដីឌី/I-ORG ឬ ក៏ អត់,ពិត/adj ជា/verb មាន/verb តារាង/noun បាល់/noun ទាត់/verb នៅ/adp សាលារៀន/noun សុី/noun អេដីឌី/noun ឬ/conj ក៏/conj អត់/prt
IsFootballFieldExist.csv,372,13,14,ពិត ជា មាន កន្លែង/B-BUILD លេង/I-BUILD បាល់/I-BUILD ទាត់/I-BUILD នៃ សាលារៀន/B-ORG សុីអេដីឌី/I-ORG ឬ ក៏ អត់,ពិត/adj ជា/verb មាន/verb កន្លែង/noun លេង/verb បាល់/noun ទាត់/verb នៃ/adp សាលារៀន/noun សុី/noun អេដីឌី/noun ឬ/conj ក៏/conj អត់/prt
IsFootballFieldExist.csv,387,13,14,ពិត ជា មាន កន្លែង/B-BUILD លេង/I-BUILD បាល់/I-BUILD ទាត់/I-BUILD នៅ សាលារៀន/B-ORG សុីអេដីឌី/I-ORG ឬ ក៏ អត់,ពិត/adj ជា/verb មាន/verb កន្លែង/noun លេង/verb បាល់/noun ទាត់/verb នៅ/adp សាលារៀន/noun សុី/noun អេដីឌី/noun ឬ/conj ក៏/conj អត់/prt
IsFootballFieldExist.csv,432,14,15,ពិត ជា មាន ទី/B-BUILD លាន/I-BUILD សម្រាប់/I-BUILD ទាត់/I-BUILD បាល់/I-BUILD នៃ សាលារៀន/B-ORG សុីអេដីឌី/I-ORG ឬ ក៏ អត់,ពិត/adj ជា/verb មាន/verb ទី/noun លាន/noun សម្រាប់/adp ទាត់/verb បាល់/noun នៃ/adp សាលារៀន/noun សុី/noun អេដីឌី/noun ឬ/conj ក៏/conj អត់/prt
IsFootballFieldExist.csv,492,15,16,ខ្ញុំ ចង់ ដឹង ថា មាន ទី/B-BUILD លាន/I-BUILD បាល់/I-BUILD ទាត់/I-BUILD នៃ សាលារៀន/B-ORG សុីអេដីឌី/I-ORG ឬ ក៏ អត់,ខ្ញុំ/pron ចង់/verb ដឹង/verb ថា/conj មាន/verb ទី/noun លាន/noun បាល់/noun ទាត់/verb នៃ/adp សាលារៀន/noun សុី/noun អេដីឌី/noun ឬ/conj ក៏/conj អត់/prt
IsFootballFieldExist.csv,507,15,16,ខ្ញុំ ចង់ ដឹង ថា មាន ទី/B-BUILD លាន/I-BUILD បាល់/I-BUILD ទាត់/I-BUILD នៅ សាលារៀន/B-ORG សុីអេដីឌី/I-ORG ឬ ក៏ អត់,ខ្ញុំ/pron ចង់/verb ដឹង/verb ថា/conj មាន/verb ទី/noun លាន/noun បាល់/noun ទាត់/verb នៅ/adp សាលារៀន/noun សុី/noun អេដីឌី/noun ឬ/conj ក៏/conj អត់/prt
IsFootballFieldExist.csv,537,15,16,ខ្ញុំ ចង់ ដឹង ថា មាន ទី/B-BUILD លាន/I-BUILD បាល់/I-BUILD ទាត់/I-BUILD ក្នុង សាលារៀន/B-ORG សុីអេដីឌី/I-ORG ឬ ក៏ អត់,ខ្ញុំ/pron ចង់/verb ដឹង/verb ថា/conj មាន/verb ទី/noun លាន/noun បាល់/noun ទាត់/verb ក្នុង/adp សាលារៀន/noun សុី/noun អេដីឌី/noun ឬ/conj ក៏/conj អត់/prt
IsFootballFieldExist.csv,552,14,15,ខ្ញុំ ចង់ ដឹង ថា មាន តារាង/B-BUILD បាល់/I-BUILD ទាត់/I-BUILD នៃ សាលារៀន/B-ORG សុីអេដីឌី/I-ORG ឬ ក៏ អត់,ខ្ញុំ/pron ចង់/verb ដឹង/verb ថា/conj មាន/verb តារាង/noun បាល់/noun ទាត់/verb នៃ/adp សាលារៀន/noun សុី/noun អេដីឌី/noun ឬ/conj ក៏/conj អត់/prt
IsFootballFieldExist.csv,567,14,15,ខ្ញុំ ចង់ ដឹង ថា មាន តារាង/B-BUILD បាល់/I-BUILD ទាត់/I-BUILD នៅ សាលារៀន/B-ORG សុីអេដីឌី/I-ORG ឬ ក៏ អត់,ខ្ញុំ/pron ចង់/verb ដឹង/verb ថា/conj មាន/verb តារាង/noun បាល់/noun ទាត់/verb នៅ/adp សាលារៀន/noun សុី/noun អេដីឌី/noun ឬ/conj ក៏/conj អត់/prt
IsFootballFieldExist.csv,597,14,15,ខ្ញុំ ចង់ ដឹង ថា មាន តារាង/B-BUILD បាល់/I-BUILD ទាត់/I-BUILD ក្នុង សាលារៀន/B-ORG សុីអេដីឌី/I-ORG ឬ ក៏ អត់,ខ្ញុំ/pron ចង់/verb ដឹង/verb ថា/conj មាន/verb តារាង/noun បាល់/noun ទាត់/verb ក្នុង/adp សាលារៀន/noun សុី/noun អេដីឌី/noun ឬ/conj ក៏/conj អត់/prt
IsFootballFieldExist.csv,612,15,16,ខ្ញុំ ចង់ ដឹង ថា មាន កន្លែង/B-BUILD លេង/I-BUILD បាល់/I-BUILD ទាត់/I-BUILD នៃ សាលារៀន/B-ORG សុីអេដីឌី/I-ORG ឬ ក៏ អត់,ខ្ញុំ/pron ចង់/verb ដឹង/verb ថា/conj មាន/verb កន្លែង/noun លេង/verb បាល់/noun ទាត់/verb នៃ/adp សាលារៀន/noun សុី/noun អេដីឌី/noun ឬ/conj ក៏/conj អត់/prt
IsFootballFieldExist.csv,627,15,16,ខ្ញុំ ចង់ ដឹង ថា មាន កន្លែង/B-BUILD លេង/I-BUILD បាល់/I-BUILD ទាត់/I-BUILD នៅ សាលារៀន/B-ORG សុីអេដីឌី/I-ORG ឬ ក៏ អត់,ខ្ញុំ/pron ចង់/verb ដឹង/verb ថា/conj មាន/verb កន្លែង/noun លេង/verb បាល់/noun ទាត់/verb នៅ/adp សាលារៀន/noun សុី/noun អេដីឌី/noun ឬ/conj ក៏/conj អត់/prt
IsFootballFieldExist.csv,642,15,16,ខ្ញុំ ចង់ ដឹង ថា មាន កន្លែង/B-BUILD លេង/I-BUILD បាល់/I-BUILD ទាត់/I-BUILD របស់ សាលារៀន/B-ORG សុីអេដីឌី/I-ORG ឬ ក៏ អត់,ខ្ញុំ/pron ចង់/verb ដឹង/verb ថា/conj មាន/verb កន្លែង/noun លេង/verb បាល់/noun ទាត់/verb របស់/adp សាលារៀន/noun សុី/noun អេដីឌី/noun ឬ/conj ក៏/conj អត់/prt
IsFootballFieldExist.csv,657,15,16,ខ្ញុំ ចង់ ដឹង ថា មាន កន្លែង/B-BUILD លេង/I-BUILD បាល់/I-BUILD ទាត់/I-BUILD ក្នុង សាលារៀន/B-ORG សុីអេដីឌី/I-ORG ឬ ក៏ អត់,ខ្ញុំ/pron ចង់/verb ដឹង/verb ថា/conj មាន/verb កន្លែង/noun លេង/verb បាល់/noun ទាត់/verb ក្នុង/adp សាលារៀន/noun សុី/noun អេដីឌី/noun ឬ/conj ក៏/conj អត់/prt
IsFootballFieldExist.csv,672,16,17,ខ្ញុំ ចង់ ដឹង ថា មាន ទី/B-BUILD លាន/I-BUILD សម្រាប់/I-BUILD ទាត់/I-BUILD បាល់/I-BUILD នៃ សាលារៀន/B-ORG សុីអេដីឌី/I-ORG ឬ ក៏ អត់,ខ្ញុំ/pron ចង់/verb ដឹង/verb ថា/conj មាន/verb ទី/noun លាន/noun សម្រាប់/adp ទាត់/verb បាល់/noun នៃ/adp សាលារៀន/noun សុី/noun អេដីឌី/noun ឬ/conj ក៏/conj អត់/prt
IsFootballFieldExist.csv,687,16,17,ខ្ញុំ ចង់ ដឹង ថា មាន ទី/B-BUILD លាន/I-BUILD សម្រាប់/I-BUILD ទាត់/I-BUILD បាល់/I-BUILD នៅ សាលារៀន/B-ORG សុីអេដីឌី/I-ORG ឬ ក៏ អត់,ខ្ញុំ/pron ចង់/verb ដឹង/verb ថា/conj មាន/verb ទី/noun លាន/noun សម្រាប់/adp ទាត់/verb បាល់/noun នៅ/adp សាលារៀន/noun សុី/noun អេដីឌី/noun ឬ/conj ក៏/conj អត់/prt
IsFootballFieldExist.csv,717,16,17,ខ្ញុំ ចង់ ដឹង ថា មាន ទី/B-BUILD លាន/I-BUILD សម្រាប់/I-BUILD ទាត់/I-BUILD បាល់/I-BUILD ក្នុង សាលារៀន/B-ORG សុីអេដីឌី/I-ORG ឬ ក៏ អត់,ខ្ញុំ/pron ចង់/verb ដឹង/verb ថា/conj មាន/verb ទី/noun លាន/noun សម្រាប់/adp ទាត់/verb បាល់/noun ក្នុង/adp សាលារៀន/noun សុី/noun អេដីឌី/noun ឬ/conj ក៏/conj អត់/prt
IsFootballFieldExist.csv,792,11,12,ដែល មាន តារាង/B-BUILD បាល់/I-BUILD ទាត់/I-BUILD នៃ សាលារៀន/B-ORG សុីអេដីឌី/I-ORG ឬ ក៏ អត់,ដែល/noun មាន/verb តារាង/noun បាល់/noun ទាត់/verb នៃ/adp សាលារៀន/noun សុី/noun អេដីឌី/noun ឬ/conj ក៏/conj អត់/prt
IsFootballFieldExist.csv,807,11,12,ដែល មាន តារាង/B-BUILD បាល់/I-BUILD ទាត់/I-BUILD នៅ សាលារៀន/B-ORG សុីអេដីឌី/I-ORG ឬ ក៏ អត់,ដែល/noun មាន/verb តារាង/noun បាល់/noun ទាត់/verb នៅ/adp សាលារៀន/noun សុី/noun អេដីឌី/noun ឬ/conj ក៏/conj អត់/prt
IsFootballFieldExist.csv,852,12,13,ដែល មាន កន្លែង/B-BUILD លេង/I-BUILD បាល់/I-BUILD ទាត់/I-BUILD នៃ សាលារៀន/B-ORG សុីអេដីឌី/I-ORG ឬ ក៏ អត់,ដែល/noun មាន/verb កន្លែង/noun លេង/verb បាល់/noun ទាត់/verb នៃ/adp សាលារៀន/noun សុី/noun អេដីឌី/noun ឬ/conj ក៏/conj អត់/prt
IsFootballFieldExist.csv,867,12,13,ដែល មាន កន្លែង/B-BUILD លេង/I-BUILD បាល់/I-BUILD ទាត់/I-BUILD នៅ សាលារៀន/B-ORG សុីអេដីឌី/I-ORG ឬ ក៏ អត់,ដែល/noun មាន/verb កន្លែង/noun លេង/verb បាល់/noun ទាត់/verb នៅ/adp សាលារៀន/noun សុី/noun អេដីឌី/noun ឬ/conj ក៏/conj អត់/prt
IsFootballFieldExist.csv,897,12,13,ដែល មាន កន្លែង/B-BUILD លេង/I-BUILD បាល់/I-BUILD ទាត់/I-BUILD ក្នុង សាលារៀន/B-ORG សុីអេដីឌី/I-ORG ឬ ក៏ អត់,ដែល/noun មាន/verb កន្លែង/noun លេង/verb បាល់/noun ទាត់/verb ក្នុង/adp សាលារៀន/noun សុី/noun អេដីឌី/noun ឬ/conj ក៏/conj អត់/prt
IsFootballFieldExist.csv,912,13,14,ដែល មាន ទី/B-BUILD លាន/I-BUILD សម្រាប់/I-BUILD ទាត់/I-BUILD បាល់/I-BUILD នៃ សាលារៀន/B-ORG សុីអេដីឌី/I-ORG ឬ ក៏ អត់,ដែល/noun មាន/verb ទី/noun លាន/noun សម្រាប់/adp ទាត់/verb បាល់/noun នៃ/adp សាលារៀន/noun សុី/noun អេដីឌី/noun ឬ/conj ក៏/conj អត់/prt
